aishe_code,institution_name,institution_type,university_name,state,district,city,website
U-0003,Andhra University,State University,Andhra University,Andhra Pradesh,Visakhapatnam,Visakhapatnam,https://www.andhrauniversity.edu.in
U-0017,Jawaharlal Nehru Technological University Kakinada,State University,JNTU Kakinada,Andhra Pradesh,Kakinada,Kakinada,https://www.jntuk.edu.in
U-0018,Jawaharlal Nehru Technological University Anantapur,State University,JNTU Anantapur,Andhra Pradesh,Anantapur,Anantapur,https://www.jntua.ac.in
U-0036,Sri Venkateswara University,State University,Sri Venkateswara University,Andhra Pradesh,Tirupati,Tirupati,https://www.svuniversity.edu.in
U-0002,Acharya Nagarjuna University,State University,Acharya Nagarjuna University,Andhra Pradesh,Guntur,Guntur,https://www.nagarjunauniversity.ac.in
U-0046,Sri Krishnadevaraya University,State University,Sri Krishnadevaraya University,Andhra Pradesh,Anantapur,Anantapur,https://www.skuniversity.ac.in
U-0870,Indian Institute of Technology Tirupati,Institute of National Importance,IIT Tirupati,Andhra Pradesh,Tirupati,Yerpedu,https://www.iittp.ac.in
U-0847,National Institute of Technology Andhra Pradesh,Institute of National Importance,NIT Andhra Pradesh,Andhra Pradesh,West Godavari,Tadepalligudem,https://www.nitandhra.ac.in
U-0878,Indian Institute of Petroleum and Energy,Institute of National Importance,IIPE Visakhapatnam,Andhra Pradesh,Visakhapatnam,Visakhapatnam,https://www.iipe.ac.in
U-0844,Indian Institute of Information Technology Sri City,Institute of National Importance,IIIT Sri City,Andhra Pradesh,Tirupati,Sri City,https://www.iiits.ac.in
U-0027,National Sanskrit University,Central University,National Sanskrit University,Andhra Pradesh,Tirupati,Tirupati,https://nsktu.ac.in
U-0039,Sri Padmavati Mahila Visvavidyalayam,State University,Sri Padmavati Mahila Visvavidyalayam,Andhra Pradesh,Tirupati,Tirupati,https://www.spmvv.ac.in
U-0049,Yogi Vemana University,State University,Yogi Vemana University,Andhra Pradesh,YSR Kadapa,Kadapa,https://www.yogivemanauniversity.ac.in
U-0048,Vignan's Foundation for Science Technology and Research,Deemed to be University,Vignan University,Andhra Pradesh,Guntur,Vadlamudi,https://www.vignan.ac.in
U-0025,Koneru Lakshmaiah Education Foundation (KL University),Deemed to be University,KL University,Andhra Pradesh,Guntur,Vaddeswaram,https://www.kluniversity.in
U-0013,GITAM Deemed to be University,Deemed to be University,GITAM University,Andhra Pradesh,Visakhapatnam,Visakhapatnam,https://www.gitam.edu
C-24001,Gayatri Vidya Parishad College of Engineering (Autonomous),Autonomous College,JNTU Kakinada,Andhra Pradesh,Visakhapatnam,Madhurawada,https://www.gvpce.ac.in
C-17983,Velagapudi Ramakrishna Siddhartha Engineering College,Autonomous College,JNTU Kakinada,Andhra Pradesh,NTR,Vijayawada,https://www.vrsiddhartha.ac.in
C-17980,R.V.R. & J.C. College of Engineering,Autonomous College,Acharya Nagarjuna University,Andhra Pradesh,Guntur,Chowdavaram,https://www.rvrjcce.ac.in
C-24009,Anil Neerukonda Institute of Technology and Sciences (ANITS),Autonomous College,Andhra University,Andhra Pradesh,Visakhapatnam,Sangivalasa,https://www.anits.edu.in
C-24018,GMR Institute of Technology,Autonomous College,JNTU-GV Vizianagaram,Andhra Pradesh,Srikakulam,Rajam,https://www.gmrit.org
C-24045,Raghu Engineering College (Autonomous),Autonomous College,JNTU-GV Vizianagaram,Andhra Pradesh,Visakhapatnam,Dakamarri,https://www.raghuenggcollege.com
C-24032,Maharaj Vijayaram Gajapathi Raj College of Engineering (MVGR),Autonomous College,JNTU-GV Vizianagaram,Andhra Pradesh,Vizianagaram,Chintalavalasa,https://www.mvgrce.edu.in
C-18012,Vasireddy Venkatadri Institute of Technology (VVIT),Autonomous College,JNTU Kakinada,Andhra Pradesh,Guntur,Nambur,https://www.vvitguntur.com
C-26880,Sree Vidyanikethan Engineering College (Autonomous),Autonomous College,JNTU Anantapur,Andhra Pradesh,Tirupati,A.Rangampet,https://svec.education
C-26900,Madanapalle Institute of Technology and Science (MITS),Autonomous College,JNTU Anantapur,Andhra Pradesh,Annamayya,Madanapalle,https://www.mits.ac.in
C-24050,Vignan's Institute of Information Technology (VIIT),Autonomous College,JNTU Kakinada,Andhra Pradesh,Visakhapatnam,Duvvada,https://vignaniit.edu.in
C-18055,KKR & KSR Institute of Technology and Sciences (KITS),Autonomous College,JNTU Kakinada,Andhra Pradesh,Guntur,Vinjanampadu,https://kitsguntur.ac.in
C-18001,Bapatla Engineering College,Autonomous College,Acharya Nagarjuna University,Andhra Pradesh,Bapatla,Bapatla,https://www.becbapatla.ac.in
C-26915,Sreenivasa Institute of Technology and Management Studies (SITAMS),Autonomous College,JNTU Anantapur,Andhra Pradesh,Chittoor,Chittoor,https://www.sitams.org
C-24025,Lendi Institute of Engineering and Technology,Autonomous College,JNTU Kakinada,Andhra Pradesh,Vizianagaram,Jonnada,https://lendi.org
C-17992,Prasad V. Potluri Siddhartha Institute of Technology,Autonomous College,JNTU Kakinada,Andhra Pradesh,NTR,Vijayawada,https://www.pvpsiddhartha.ac.in
C-26850,G. Pulla Reddy Engineering College,Autonomous College,JNTU Anantapur,Andhra Pradesh,Kurnool,Kurnool,https://www.gprec.ac.in
C-26860,Rajeev Gandhi Memorial College of Engineering and Technology (RGMCET),Autonomous College,JNTU Anantapur,Andhra Pradesh,Nandyal,Nandyal,https://www.rgmcet.edu.in
C-18030,Shri Vishnu Engineering College for Women,Autonomous College,JNTU Kakinada,Andhra Pradesh,West Godavari,Bhimavaram,https://svecw.edu.in
C-18035,Vishnu Institute of Technology,Autonomous College,JNTU Kakinada,Andhra Pradesh,West Godavari,Bhimavaram,https://vishnu.edu.in
C-18040,S.R.K.R. Engineering College,Autonomous College,JNTU Kakinada,Andhra Pradesh,West Godavari,Bhimavaram,https://srkr.ac.in
C-18020,Lakireddy Bali Reddy College of Engineering (LBRCE),Autonomous College,JNTU Kakinada,Andhra Pradesh,NTR,Mylavaram,https://www.lbrce.ac.in
C-24040,Pragati Engineering College,Autonomous College,JNTU Kakinada,Andhra Pradesh,Kakinada,Surampalem,https://pragati.ac.in
C-24042,Aditya Engineering College,Autonomous College,JNTU Kakinada,Andhra Pradesh,Kakinada,Surampalem,https://www.aec.edu.in
